,Open,High,Low,Close,Volume,TradingDate,H-L,O-C,ME_5,ME_10,ME_15,ME_20,ME_25,ME_30,RANK_5,RANK_10,RANK_15,RANK_20,RANK_25,RANK_30,VAR_5,VAR_10,VAR_15,VAR_20,VAR_25,VAR_30,SMA_5,SMA_10,SMA_15,SMA_20,SMA_25,SMA_30,SD_5,SD_10,SD_15,SD_20,SD_25,SD_30,Ske_5,Ske_10,Ske_15,Ske_20,Ske_25,Ske_30,Kur_5,Kur_10,Kur_15,Kur_20,Kur_25,Kur_30
29,68338.0,69198.0,67651.0,69198.0,1377551,2023-03-01,1547.0,-860.0,69198.0,70057.0,69456.0,69456.0,69971.0,69885.5,2.5,2.5,2.5,4.0,4.0,5.0,136525.20000001127,603248.2222222165,466189.06666663144,437350.98947368417,1062909.3899999917,1067622.1850574648,69369.8,69980.0,69833.93333333333,69756.6,70146.84,70114.76666666666,369.4931663779606,776.6905575724586,682.7803941727028,661.3251768031247,1030.9749705982158,1033.2580437903518,1.3807167204475772,0.4418847141382193,0.9261589890243638,0.8892875183720259,0.8315084076105214,0.7837276845320987,1.8186110446546746,-0.8942373706298196,0.01449697471204267,0.15449000578684297,-0.4904172004814976,-0.5666535832159266
30,68768.0,69198.0,68596.0,68768.0,431732,2023-03-02,602.0,0.0,69198.0,69713.5,69456.0,69413.0,69800.0,69885.5,1.0,1.0,1.0,1.0,1.0,1.5,64345.200000011486,742505.1666666738,530247.5999999598,459916.4710526327,961176.1899999912,1110622.9758620614,69129.2,69842.5,69793.8,69674.95,70012.76,70094.7,253.6635567045678,861.6873949795679,728.1810214499961,678.1714171598746,980.395935324087,1053.8609850744363,-0.3234440850605596,0.5402102558058361,0.7172861757604615,0.9966894414617162,0.9206027867580048,0.7357992996768074,0.630202140307779,-0.9710208759598622,-0.17524389958367692,0.5415016678150186,-0.05680123439572521,-0.6128236363822639
31,68166.0,68768.0,67479.0,67479.0,741791,2023-03-03,1289.0,687.0,69026.0,69327.0,69456.0,69413.0,69456.0,69885.5,1.0,1.0,1.0,1.0,1.0,1.0,523009.2000000123,1274298.7666666957,883126.2095237513,673269.4315789501,991003.5599999899,1283946.064367808,68733.8,69576.1,69667.73333333334,69606.2,69823.68,70051.73333333334,723.1937499730016,1128.8484250184767,939.7479499970997,820.529969945614,995.4916172424507,1133.113438437568,-1.9285418755016193,-0.13387704135217943,-0.423137524257747,-0.21968247799620383,0.27536843351096457,0.3187263535784808,3.7866295386826914,0.1355826654897133,1.0979360698764844,1.8496154885679454,0.6967271699055739,-0.12903234796644625
32,67135.0,68596.0,67135.0,67221.0,818674,2023-03-06,1461.0,-86.0,68768.0,69198.0,69456.0,69413.0,69456.0,69885.5,1.0,1.0,1.0,1.0,1.0,1.0,910903.7000000137,1432810.2333333937,1282410.409523731,953644.4500000069,1047786.839999989,1542278.6678160825,68372.8,69180.7,69524.46666666666,69507.35,69634.56,69977.23333333334,954.4127513817141,1197.0005151767452,1132.435609438228,976.5472082802792,1023.6145954410717,1241.8851266586948,-0.506345421949297,-0.2123428809052795,-0.6311478410431876,-0.6395345982195516,-0.28696436207423653,0.0017001992741895629,-2.9532996585503164,0.023108553125820514,0.3590955978538375,1.311122520072534,0.9902454107279739,0.0029232225401617947
33,67994.0,68682.0,67736.0,67736.0,793553,2023-03-07,946.0,258.0,67736.0,69112.0,69456.0,69413.0,69370.0,69628.0,3.0,3.0,3.0,3.0,3.0,3.0,735171.3000000138,1091393.9555556448,1496460.3142856192,1110766.4500000104,979507.4099999861,1697830.3264367704,68080.4,68836.8,69409.8,69425.65,69472.92,69885.53333333334,857.4213083426454,1044.698021227017,1223.2989472265638,1053.9290535894768,989.7006668685164,1303.0081835647734,0.5472592590924441,-0.36892352674519135,-0.43274546687541326,-0.5273242329049816,-0.5591224448383274,0.0378416064739999,-2.278258536038615,-0.9870039859145027,-0.5329681470311873,0.3608609670667762,0.537057285446554,-0.23514015481188977
34,67479.0,68338.0,67479.0,68338.0,511968,2023-03-08,859.0,-859.0,67736.0,68897.0,69198.0,69370.0,69370.0,69456.0,4.0,4.0,4.0,4.0,4.0,4.0,402523.30000001256,832824.3222223256,1524601.1238094096,1160028.1552631727,982630.6233333173,1655085.3574712514,67908.4,68639.1,69289.46666666666,69352.55,69386.96,69773.76666666666,634.4472397292092,912.5920897215391,1234.7473927121328,1077.04603210038,991.2772686455174,1286.5012077224224,0.4981896112692857,-0.3398757056415174,-0.15348945075129647,-0.3301710038255397,-0.3894064904281652,0.15286487264707424,-1.5333507658014593,-1.085943032492603,-0.7702065030455145,-0.03796724131648098,0.32765527213144774,-0.143353615338171
35,68338.0,69370.0,68080.0,69284.0,641624,2023-03-09,1290.0,-946.0,67736.0,68897.0,69198.0,69370.0,69370.0,69413.0,5.0,9.0,9.0,9.0,11.0,11.0,677551.3000000087,676684.4888889976,1469052.457142733,1160239.9868421203,938147.9599999835,1464291.0126436634,68011.6,68570.4,69232.2,69348.25,69342.28,69679.23333333334,823.1350435985632,822.6083447722845,1212.0447422198295,1077.1443667596839,968.5803838608252,1210.0789282702444,1.0673111598055902,-0.6726715264803786,-0.027378186633376805,-0.31678904408391406,-0.3189202254223868,0.16357817788379142,0.4665655871441068,-1.2642912207974777,-0.5936555670530382,-0.04562444852269906,0.5407419428839403,0.15843096022467462
36,68940.0,69112.0,67908.0,68338.0,641543,2023-03-10,1204.0,602.0,68338.0,68553.0,69198.0,69327.0,69370.0,69370.0,3.5,4.5,4.5,4.5,4.5,4.5,596375.800000008,581654.4888890071,1451397.8380950955,1211128.4500000179,969794.2399999835,1288968.3551723966,68183.4,68458.6,69111.86666666667,69296.65,69321.64,69550.3,772.2537147855023,762.6627622278454,1204.7397387382453,1100.5128122834453,984.7813158259977,1135.3274220119924,0.3253573805534053,-0.5113798524522299,0.24978828635994788,-0.1858615919330145,-0.2775959733496477,0.09651865308823164,0.316759552407144,-1.2978367054714408,-0.47766902181238635,-0.3429124379746167,0.3105520152759589,0.17089442885481784
37,67135.0,68252.0,67135.0,67822.0,887883,2023-03-13,1117.0,-687.0,68338.0,68338.0,69026.0,69241.0,69370.0,69370.0,2.0,4.0,4.0,4.0,4.0,4.0,379414.8000000106,574805.0666667933,1212664.238095063,1318991.4605263365,1059706.666666651,1173986.3402298642,68303.6,68338.2,68888.33333333333,69219.25,69266.6,69412.73333333334,615.966557533776,758.1589982759509,1101.2103514293094,1148.473534969934,1029.4205489821209,1083.5065021631685,1.15504612526963,-0.05990287762460316,0.3656267967701805,-0.06234302479748358,-0.2084442624100318,-0.029400719862812424,1.3906273155274462,-1.5433082747675348,-0.1884660928889074,-0.7061434616871272,-0.1285102774906304,0.010975055128322685
38,67908.0,67994.0,67479.0,67651.0,428257,2023-03-14,515.0,257.0,68338.0,68080.0,68768.0,69198.0,69370.0,69370.0,1.0,3.0,3.0,3.0,3.0,3.0,404982.8000000107,518545.8333334699,889395.9714283632,1436910.2105263392,1163093.056666652,1068692.7172413548,68286.6,68183.5,68653.4,69129.0,69197.84,69275.2,636.3825893281578,720.1012660268484,943.077924366997,1198.7118963814196,1078.4679210188183,1033.7759511815675,1.0273136259079447,0.39234997048581777,0.1025409634028383,0.0652339951694016,-0.12537976031986095,-0.22842037423162587,1.1415539499231702,-1.185041242550223,-1.0279574559467073,-0.9629912613092515,-0.4863978270094221,-0.37005617565194215
39,67994.0,69198.0,67994.0,69198.0,693264,2023-03-15,1204.0,-1204.0,68338.0,68080.0,68768.0,69198.0,69284.0,69327.0,4.0,9.0,11.0,11.0,11.0,12.5,575004.8000000094,518545.8333334699,707431.3523807337,1380695.1447368674,1147380.8566666527,1016351.9091953763,68458.6,68183.5,68578.93333333333,69081.75,69173.76,69232.23333333334,758.2907094248283,720.1012660268484,841.0893842991562,1175.0298484450798,1071.15865149223,1008.1428019855998,0.17210431083405986,0.39234997048581777,-0.16118725977686657,0.16580408660016327,-0.06269160149554504,-0.17339387403091833,-2.8852319745112887,-1.185041242550223,-1.239401256871901,-0.7693753236961224,-0.42154288425184033,-0.19246908560099144
40,68768.0,68768.0,67393.0,68080.0,850831,2023-03-16,1375.0,688.0,68080.0,67951.0,68338.0,69112.0,69198.0,69241.0,3.0,6.0,6.0,6.0,6.0,6.0,368037.20000001095,476516.6777779191,569766.5523807186,1363034.7789473971,1192849.0566666534,1008836.6712643412,68217.8,68114.7,68452.86666666667,68978.6,69122.16,69154.86666666667,606.6606959413235,690.3018743838952,754.8288232312798,1167.490804652181,1092.176293767015,1004.4086176772585,1.3003319210866826,0.7357282632435723,-0.1798788555474535,0.3834842271182979,0.049288176413265584,-0.0412310659841467,1.7031283893150118,-0.3725385752600481,-1.5384020107630436,-0.6042580662498145,-0.5978230055684974,-0.20817141878099935
41,68424.0,68768.0,67565.0,67908.0,430362,2023-03-17,1203.0,516.0,67908.0,67994.0,68338.0,68897.0,69198.0,69241.0,3.0,5.0,6.0,6.0,6.0,6.0,379174.20000001125,434317.3777779166,507684.3809521356,1338855.6078947706,1248151.6433333212,1058296.160919514,68131.8,68157.6,68349.66666666667,68866.85,69063.68,69123.33333333333,615.7712237511682,659.0276001639967,712.519740745571,1157.0892825943772,1117.207072718984,1028.7352239130894,1.8912917908882667,0.7213978131270921,0.02441304059711602,0.6109846615965003,0.15827288590898111,-0.004675697085358192,3.8019361193800996,-0.09625385724476436,-1.5291058100732096,-0.3038019553047612,-0.7493669173597151,-0.4101776966510524
42,67994.0,68166.0,66705.0,66705.0,771192,2023-03-20,1461.0,1289.0,67908.0,67994.0,68080.0,68553.0,69198.0,69241.0,1.0,1.0,1.0,1.0,1.0,1.0,801735.3000000088,568339.7777779177,642567.6380949747,1251855.2921053069,1464212.0766666553,1252626.943678136,67908.4,68106.0,68194.93333333333,68643.35,68957.08,69040.23333333334,895.3967277134806,753.8831327055392,801.6031674681524,1118.8633929597065,1210.0463117858983,1119.2081770958146,0.22634173891202955,0.01180480265889264,-0.06711367734538845,0.41569602981971926,0.076444809585815,-0.13724963994213452,1.4671917649551247,0.5767905122469473,-0.8945754481470123,-0.06056310059973548,-0.7335826606276065,-0.4108141730262201
43,67565.0,67651.0,66275.0,67135.0,537316,2023-03-21,1376.0,430.0,67908.0,67994.0,67908.0,68338.0,69026.0,69198.0,2.0,2.0,2.0,2.0,2.0,2.0,921395.7000000086,653875.4333334743,630680.8285711476,991317.8184211064,1583194.273333323,1368304.8919539987,67805.2,68045.9,68057.4,68441.35,68864.24,68965.73333333334,959.8935878523247,808.6256447414182,794.1541591977892,995.6494455485356,1258.2504811575964,1169.7456526758278,0.5139591431662043,0.06167324509034805,0.1748584898844906,0.11124930321338751,0.16869429619403578,-0.07568229044393064,0.0036858481913621213,-0.2174038187108458,-0.8329970788827538,-0.8608563200524296,-0.8705876622139483,-0.6385483818215543
44,67221.0,67565.0,66705.0,67479.0,611402,2023-03-22,860.0,-258.0,67479.0,67865.0,67822.0,68209.0,68768.0,69198.0,3.0,3.0,4.5,4.5,4.5,4.5,315276.3000000074,671904.8888890309,547579.4571425613,834128.7868421646,1583185.393333325,1414332.7229884814,67461.4,67960.0,67942.8,68299.55,68757.68,68888.36666666667,561.4947016669056,819.698047386372,739.9861195607397,913.3065130842791,1258.246952443488,1189.2572148145587,-0.33362196082881745,0.4015575514105656,0.4156313728242682,0.09271310231404514,0.3375692690809558,0.05245370457209367,-1.3989666380936008,-0.254415202947658,-0.3324776568836792,-1.0750272427356087,-0.7692337956396004,-0.7335987626684106
45,67393.0,67479.0,66705.0,67049.0,357327,2023-03-23,774.0,344.0,67135.0,67736.5,67736.0,67994.0,68338.0,69112.0,2.0,2.0,2.0,2.0,2.0,2.0,208980.20000000607,513840.7222223645,541931.3142854058,746930.1552632233,1608917.1599999943,1516806.2068965272,67255.2,67736.5,67828.2,68153.45,68633.92,68811.0,457.14352232095126,716.8268425654584,736.1598428910706,864.2512107386506,1268.4309835383217,1231.5868653475188,0.48995731659110586,0.6514979542519588,0.7020795709476452,0.07836542912925618,0.4790073942517005,0.12413482606175062,-0.04976831543647956,0.7849189303460297,0.16306674514749794,-1.3310962512998872,-0.6056488450129747,-0.8568006848888419
46,67307.0,67736.0,67049.0,67565.0,367884,2023-03-24,687.0,-258.0,67135.0,67608.0,67736.0,67865.0,68338.0,68897.0,5.0,5.0,6.0,7.0,7.0,7.0,120554.80000000479,470269.2888890316,538134.2095235017,666448.2000000709,1550559.8333333312,1555821.1781608944,67186.6,67659.2,67833.93333333333,68058.9,68530.8,68750.83333333333,347.2100228968121,685.7618310237393,733.5763147236296,816.3627870010189,1245.2147739781,1247.3256103202941,-0.3510189584876581,1.0729049993709396,0.6875524311192001,0.221417857384118,0.6677262684219948,0.23451160249259226,-0.9496029207187497,2.2601997281757713,0.18571084320317965,-1.198277297696703,-0.26811436255295645,-0.9043477619645376
47,67822.0,68080.0,67479.0,67994.0,768784,2023-03-27,601.0,-172.0,67479.0,67608.0,67822.0,67865.0,68080.0,68553.0,5.0,8.0,10.0,12.0,12.0,12.0,142467.80000000494,479450.2666668091,510284.12380922027,614641.8000000736,1254376.9233333352,1560176.929885032,67444.4,67676.4,67885.46666666666,68007.3,68403.56,68704.96666666666,377.4490694120267,692.4234735093901,714.3417416119685,783.9909438252929,1119.9896978692864,1249.0704263111156,0.5917637198186749,0.9629582546924522,0.5474097606953996,0.35991399008024905,0.6888169755002479,0.3388968339519071,-0.29816395884854313,1.8635069837822453,0.3112049257196055,-0.8729426557838589,0.0035560079286127075,-0.8675594433849759
48,68080.0,68080.0,66619.0,68080.0,1001517,2023-03-28,1461.0,0.0,67565.0,67736.5,67908.0,67865.0,68080.0,68338.0,5.0,8.5,10.5,13.5,13.5,13.5,174881.3000000063,495432.9000001411,510827.97142827,537011.4105263931,922737.3566666712,1552018.9896551461,67633.4,67719.3,67908.4,67951.4,68279.76,68659.1,418.18811556523974,703.8699453735336,714.722303715415,732.8106239175256,960.5921906129943,1245.8005416819926,-0.38526877095126666,0.7140573377039362,0.43784000497701725,0.4446996848103252,0.4250363116178897,0.44720914491698044,-0.8916766947657114,1.175981140817748,0.21848054920510462,-0.4302162989959138,-0.6749328436741087,-0.7788343948998177
49,68080.0,68166.0,67565.0,67908.0,405351,2023-03-29,601.0,172.0,67908.0,67736.5,67908.0,67865.0,67994.0,68209.0,3.0,6.5,8.5,11.5,11.5,11.5,178570.70000000676,237948.9000001455,496764.92380921927,450941.25263166183,746248.0933333399,1489801.213793076,67719.2,67590.3,67879.73333333334,67886.9,68183.48,68584.6,422.57626530604716,487.8000615007603,704.815524665298,671.5215950598028,863.8565235809358,1220.5741328543204,-1.2713722699927767,-0.6981442657329903,0.5787730402838843,0.5249864464994652,0.35353040684437176,0.5969595650433975,0.8685384859385579,-0.8499712479300179,0.5425602857819791,0.18501147263779913,-0.782548035750389,-0.5074378596773488
50,67908.0,68166.0,67736.0,67994.0,409438,2023-03-30,430.0,-86.0,67994.0,67736.5,67908.0,67865.0,67994.0,68080.0,3.5,8.5,10.5,13.5,13.5,13.5,40506.20000000744,229329.788889035,348918.63809492305,409108.58947377,608095.333333342,1412775.6195402013,67908.2,67581.7,67793.73333333334,67848.2,68104.4,68512.96666666666,201.26152140935295,478.88389917498273,590.6933536911712,639.6159703085673,779.8046763987389,1188.6023807565764,-1.7423557872123383,-0.7358263594144913,0.3842541094985263,0.6568807461534774,0.2663256022777318,0.7525934331456015,3.315796852601269,-0.798046692339698,1.5628710718843526,0.8917190546834118,-0.8798656845087454,-0.13174146610727291
51,67994.0,68338.0,67908.0,67994.0,672646,2023-03-31,430.0,0.0,67994.0,67736.5,67908.0,67908.0,67994.0,68037.0,3.0,8.0,11.0,13.0,14.0,14.0,3698.000000007749,236305.34444459082,330060.8857139681,402355.3131579781,528923.1600000097,1325133.4712643384,67994.0,67590.3,67770.8,67873.95,68045.92,68441.33333333333,60.8111831821068,486.1124812680609,574.5092564214854,634.3148375672589,727.2710361344041,1151.1444180746125,2.6125487511729803e-11,-0.727100817036962,0.4893238152817782,0.5503344437613713,0.30023769697979685,0.9204802319773163,2.0000000063830683,-0.8582262860230075,2.192136926580711,0.9096536463905939,-0.6383450923512367,0.3719736817310247
52,68252.0,69542.0,67994.0,69542.0,1172390,2023-04-03,1548.0,-1290.0,67994.0,67951.0,67908.0,67951.0,67994.0,68037.0,5.0,10.0,15.0,20.0,25.0,27.0,482958.80000000546,483029.77777792246,539868.1238092193,512181.3684211263,581716.8400000093,1106155.6793103146,68303.6,67874.0,67885.46666666666,67990.0,68066.56,68386.9,694.952372468794,695.0034372418041,734.7571869735058,715.6684766154831,762.7036383812583,1051.7393590192937,2.193379126327876,1.4887645036583286,0.8434698460685081,0.622537494116248,0.41776214753952,0.7670290011223093,4.847857338845877,3.6476152820822167,1.241838919908418,0.5717655508649312,-0.5320918760125268,0.2633194136862805
53,69542.0,69628.0,68768.0,69198.0,585746,2023-04-04,860.0,344.0,67994.0,67994.0,67994.0,67994.0,67994.0,68037.0,4.0,9.0,13.5,17.5,22.0,23.5,607951.2000000057,569836.233333478,647598.257142564,579964.3052632239,581716.8400000093,856296.9655172103,68527.2,68080.3,67988.6,68063.1,68066.56,68321.0,779.7122546170515,754.8749786113447,804.7348986731992,761.553875483031,762.7036383812583,925.3631533172316,0.708746081126546,0.9883903569549777,0.5554188136472228,0.43122990386621285,0.41776214753952,0.3698049265777173,-2.684657325021837,0.6742575089221248,-0.04152777503810876,-0.15709960233290132,-0.5320918760125268,-0.716157419464905
54,69198.0,69284.0,68510.0,69284.0,423371,2023-04-05,774.0,-86.0,69198.0,67994.0,67994.0,67994.0,67994.0,68037.0,4.0,9.0,14.0,18.5,23.5,26.5,560616.8000000071,654450.6222223665,662949.6666663738,652084.3578947979,590121.3333333425,749948.7229884749,68802.4,68260.8,67994.33333333333,68110.4,68070.0,68286.63333333333,748.7434807729595,808.981224888666,814.2172109863399,807.5174040816693,768.1935519993268,865.9957984819989,-0.47489236099883597,0.4654640686082555,0.5736762597757068,0.3660249949945861,0.42983536423468816,0.1786058035318367,-3.1014473583447875,-0.7801437250649437,-0.06501032930475723,-0.621554011486029,-0.5371146537588809,-1.0266055080934047
55,69370.0,70057.0,69026.0,69026.0,614350,2023-04-06,1031.0,344.0,69198.0,68037.0,67994.0,67994.0,67994.0,68037.0,2.0,7.0,12.0,16.0,20.0,21.5,356487.2000000086,512919.3888890312,734187.9714282854,623540.0526316417,607790.8933333418,669941.9816091643,69008.8,68458.5,68057.4,68097.5,68080.32,68255.13333333333,597.0654905452237,716.1839071698213,856.8476944173249,789.6455234037876,779.6094492329745,818.4998360471212,-1.6949842413203933,0.4486672426483478,0.3807402784372023,0.34508325356030417,0.41906709294074934,0.04056215380051464,3.2954838931836883,-1.7387401389268702,-0.7175617602711555,-0.5445492029702056,-0.6429561253372748,-1.1780079179638279
56,68940.0,69370.0,68768.0,69198.0,360755,2023-04-07,602.0,-258.0,69198.0,68553.0,67994.0,67994.0,67994.0,68037.0,2.5,7.5,12.5,17.0,21.0,25.0,35500.80000000777,455347.0666668082,817595.6857140086,682291.6315790063,639850.2433333378,650793.6367815782,69249.6,68621.8,68143.4,68140.5,68149.08,68246.53333333334,188.41655978179776,674.7940920509072,904.2099787737408,826.0094621606985,799.9063966073392,806.7178173200207,0.8463074239228966,0.11443944951282822,0.15949827210809106,0.26465025159566785,0.24973340188080592,0.013752336332093152,1.7447916666656245,-2.267442656601514,-1.1948277459528105,-0.901391435515192,-0.8853648469667679,-1.1783670529739578
57,69628.0,69628.0,68854.0,69026.0,771039,2023-04-10,774.0,602.0,69198.0,69026.0,67994.0,67994.0,67994.0,68037.0,1.5,5.5,10.5,14.5,18.5,21.5,13312.800000008086,417874.0000001407,699799.4095235476,714406.747368475,630572.5433333335,650793.6367815782,69146.4,68725.0,68298.13333333333,68200.7,68221.28,68246.53333333334,115.3811076390242,646.4317442701439,836.5401422069043,845.2258558329099,794.0859798115903,806.7178173200207,-0.16563466500052565,-0.3129729256207039,0.06910202060685913,0.07954512668186604,0.09122434497454235,0.013752336332093152,-2.4074074074459766,-2.0277233925914113,-1.4655117165279603,-1.1174601479291104,-0.9336623058062878,-1.1783670529739578
58,68940.0,69198.0,68854.0,69026.0,534886,2023-04-11,344.0,-86.0,69026.0,69026.0,68080.0,68037.0,68080.0,68037.0,2.0,5.0,10.0,14.0,18.0,22.0,14792.000000007993,371772.2666668067,623979.3142854654,729376.1552632055,644968.9433333302,640493.4068965208,69112.0,68819.6,68424.2,68269.45,68272.88,68240.8,121.62236636411903,609.731306943318,789.9236129433436,854.0352189829208,803.0995849415751,800.3083198971011,0.8838834764835225,-0.7788380840168309,-0.14779329630305502,-0.12346830019232687,-0.06607057619636156,0.009163370946315147,-1.7499999999847755,-1.204647588759919,-1.4193865197993647,-1.1695643165354392,-1.0081504650711903,-1.1550209824653104
59,69026.0,69198.0,68682.0,69026.0,575815,2023-04-12,516.0,0.0,69026.0,69026.0,69026.0,68037.0,68080.0,68037.0,2.5,4.5,9.5,14.5,17.5,22.5,5916.80000000793,270282.7111112504,574637.3809521429,714043.7131579428,667636.2499999949,630125.1678160611,69060.4,68931.4,68527.33333333333,68260.85,68300.4,68235.06666666667,76.92073842604431,519.8872099900616,758.0484027765924,845.0110728019738,817.0901113096369,793.8042377161141,2.236067977500335,-1.3191894747616293,-0.44028270178263984,-0.12916622803411798,-0.13716472334654875,0.0035849629643694807,4.999999999977509,0.76709243933332,-1.0724438357650554,-1.132966375184534,-1.1170878978379006,-1.1319559845645348
60,69026.0,69112.0,68166.0,68424.0,542069,2023-04-13,946.0,602.0,69026.0,69026.0,69026.0,68037.0,68080.0,68037.0,1.0,2.0,7.0,12.0,16.0,20.0,88752.00000000799,199198.93333347322,410292.14285691414,713411.8394737304,626728.9166666641,621426.3172413481,68940.0,68974.4,68619.0,68278.05,68266.0,68223.6,297.9127389018603,446.31707712507847,640.5405083653291,844.6371051959122,791.6621227939759,788.3059794529964,-1.8643602442581364,-1.364794715099625,-0.21590390644774468,-0.19623149055027772,-0.0957148678331605,0.03951179823968572,3.9791666666672305,1.8961901494252464,-1.6220964097879709,-1.1124235723408065,-0.9690534049738903,-1.0774252135825668
61,68682.0,68854.0,68166.0,68424.0,399536,2023-04-14,688.0,258.0,69026.0,69026.0,69026.0,68252.0,68080.0,68080.0,1.5,1.5,6.5,11.5,15.5,19.5,108721.20000000767,124006.26666680703,330143.352380729,706625.081578991,627540.7566666639,602666.4379310048,68785.2,69017.4,68676.26666666666,68303.85,68269.44,68255.1,329.7289796181216,352.145235189697,574.5810233385097,840.6099461575452,792.1747008499224,776.3159395059494,-0.608580619450139,-0.7722222721310645,-0.1398361748073999,-0.29611085523969227,-0.10936419403011889,-0.055891144677751,-3.3333333333320425,0.3571753235205374,-1.7133737726540368,-1.0310832460548334,-0.9731971868053632,-0.9719965955837312
62,68424.0,68510.0,67908.0,68424.0,450882,2023-04-17,602.0,0.0,68424.0,69026.0,69026.0,68424.0,68080.0,68209.0,2.0,2.0,6.0,11.0,15.0,19.0,108721.20000000767,118664.71111125126,300559.35238073196,565065.4315789816,619590.3433333288,565112.0965516961,68664.8,68905.6,68704.93333333333,68389.8,68293.52,68295.2,329.7289796181216,344.4774464478789,548.2329362421889,751.7083420975063,787.14061217379,751.7393807375639,0.6085806194501656,-0.7608899246829761,-0.19133998920344739,-0.23402404701019985,-0.20260257577388233,-0.13659023721394029,-3.33333333333416,-1.2804632407671366,-1.5192860609074166,-1.0711041844681464,-0.8935531032268041,-0.7865172214046388
63,68424.0,68768.0,68080.0,68252.0,302472,2023-04-18,688.0,172.0,68424.0,69026.0,69026.0,68424.0,68252.0,68295.0,1.0,1.0,4.0,9.0,13.0,15.0,88752.000000008,146687.33333347592,287176.1142854951,479911.8184210797,601858.8399999938,554087.489655145,68510.0,68811.0,68716.4,68445.65,68317.56,68312.4,297.91273890186034,382.9978241889579,535.8881546418945,692.7566805315411,775.795617414789,744.3705325005451,1.8643602442581717,-0.35851619956480074,-0.19800590084299519,-0.22127861243677568,-0.2869797872080711,-0.1993158135335915,3.979166666665814,-1.8443612739213826,-1.4334772641425548,-0.8604495322072081,-0.7333396886779987,-0.6803021159117639
64,68596.0,68596.0,68166.0,68166.0,420463,2023-04-19,430.0,430.0,68424.0,68725.0,69026.0,68424.0,68166.0,68209.0,1.0,1.0,3.0,8.0,13.0,15.0,14792.000000008004,154165.51111125882,261818.39999978314,433606.21052633907,568741.9599999961,554769.9540229609,68338.0,68699.2,68733.6,68480.0,68276.28,68306.66666666667,121.62236636411907,392.63916145904096,511.68193245392507,658.4878210918855,754.149825962982,744.8288085345255,-0.8838834764830221,-0.09141843150998437,-0.12142965038701084,-0.2511848063688629,-0.206163469712134,-0.17448766389367432,-1.7500000000041307,-2.0843297220866464,-1.4853053678103758,-0.5485599967744414,-0.5877425064645959,-0.6933777419772994
65,68596.0,68596.0,68080.0,68252.0,365619,2023-04-20,516.0,344.0,68252.0,68424.0,69026.0,68424.0,68252.0,68209.0,2.5,2.5,3.5,8.5,13.5,16.5,13312.800000008097,157863.5111112637,238996.45714264276,324756.8710526496,567111.9733333291,520711.58160916576,68303.6,68621.8,68750.8,68540.15,68283.16,68272.26666666666,115.38110763902424,397.3204136603904,488.87263897935907,569.8744344613553,753.0683722832404,721.6034794879843,0.16563466499890422,0.3772381937520706,-0.05448661007112136,0.1814683621187912,-0.23604457090034953,-0.13034004119545706,-2.4074074074696896,-1.9268323435478056,-1.5016576670778046,-1.264750208660579,-0.5621628412404686,-0.5242556618248666
66,68768.0,68768.0,68166.0,68166.0,324840,2023-04-21,602.0,602.0,68252.0,68424.0,69026.0,68424.0,68252.0,68166.0,1.5,1.5,1.5,6.5,11.5,15.5,11094.000000008316,132224.0444446042,222373.0666664543,281125.8526315948,561708.5933333287,520917.98160916544,68252.0,68518.6,68762.26666666666,68570.2,68293.48,68266.53333333334,105.32805893971614,363.6262427886692,471.56448834327455,530.2130257090963,749.4722098472556,721.746480150174,1.3608276348817643,0.7619951049308828,0.03858861924405081,0.3794374577558406,-0.27885537446028996,-0.10487455935289519,2.0000000002645053,-1.341877602165271,-1.629501048948374,-1.445308898114052,-0.4936508333877678,-0.5307592037997537
67,68338.0,69284.0,67908.0,67994.0,795812,2023-04-24,1376.0,344.0,68166.0,68338.0,68424.0,68424.0,68252.0,68166.0,1.0,1.0,1.0,3.0,7.5,10.5,11094.000000008316,122362.71111127918,209694.2095235836,281125.8526315948,457540.20666665974,516631.02988502773,68166.0,68415.4,68659.06666666667,68570.2,68345.04,68272.26666666666,105.32805893971614,349.8038180341649,457.9238031851845,530.2130257090963,676.4171838936824,718.7704987581417,-1.3608276348771549,1.105591403194234,0.0403064892380522,0.3794374577558406,-0.04576254672728548,-0.12509625512777556,2.0000000002876064,0.3064379436209533,-1.8407113034768985,-1.445308898114052,-0.6661589259915075,-0.4852054519000534
68,67994.0,68166.0,67307.0,67393.0,541028,2023-04-25,859.0,601.0,68166.0,68252.0,68424.0,68424.0,68252.0,68166.0,1.0,1.0,1.0,1.0,2.0,4.0,121733.20000000778,167451.65555573598,287928.0666664243,340173.5026315974,434186.9066666595,529904.0919539927,67994.2,68252.1,68538.73333333334,68535.85,68355.36,68263.66666666667,348.90285180836196,409.20857219239184,536.5892904880084,583.2439477882282,658.9286051361403,727.9451160314167,-1.8641576356260945,-0.3522504099271682,-0.35082704257862557,0.035493368543761956,0.043289623911379645,-0.12459059886767324,3.5391992736729256,2.7484714761375986,-0.34037255838832836,-0.9645675230697978,-0.7430429906605834,-0.566297773687822
69,67135.0,67393.0,66705.0,67307.0,772857,2023-04-26,688.0,-172.0,67994.0,68209.0,68424.0,68424.0,68252.0,68123.0,1.0,1.0,1.0,1.0,2.0,4.0,195521.30000000668,167317.95555575044,338012.0666664047,397953.3263158098,447931.42666665977,527250.1712643342,67822.4,68080.2,68406.93333333333,68505.8,68348.48,68200.63333333333,442.1779053729468,409.04517544612406,581.3880517059193,630.8354193573866,669.2767937607427,726.1199427534918,-0.43943730264768655,-1.327388700091574,-0.4340289665985843,-0.1876523630605699,0.0024472715496607475,-0.008986428123594365,-2.9832309899650205,0.5273736749461163,-0.36752783298539543,-0.751502405097962,-0.7403128423547938,-0.5860837996980037
70,67135.0,67736.0,67135.0,67307.0,221966,2023-04-27,601.0,-172.0,67393.0,68166.0,68252.0,68424.0,68252.0,68123.0,1.5,1.5,1.5,1.5,1.5,4.5,171140.3000000053,206748.05555576063,382984.38095210027,458562.9973684433,422655.1666666595,553598.8091953673,67633.4,67968.5,68292.33333333333,68471.45,68358.8,68174.86666666667,413.6910683106481,454.69556359806353,618.8573187351833,677.1727972744056,650.1193480174694,744.0422092834299,0.6740181523964152,-0.7675478891634746,-0.2562639429654505,-0.28166989935275416,0.12638965705693425,0.03915333979422552,-2.7329565757066683,-1.302712457264637,-0.7044926822058343,-0.8455749502625131,-0.924133346909777,-0.7561273402820158
71,67736.0,67736.0,66619.0,66619.0,946202,2023-04-28,1117.0,1117.0,67307.0,68080.0,68252.0,68424.0,68252.0,68123.0,1.0,1.0,1.0,1.0,1.0,1.0,237816.00000000437,349844.4444446664,492726.971428261,622198.8526316045,521029.706666661,632706.3689654804,67324.0,67788.0,68120.4,68402.7,68320.96,68131.9,487.66381862919087,591.4764952596734,701.9451342008583,788.7958244258172,721.8238751015798,795.4284185050723,-0.17719787763194786,-0.8778638138788212,-0.6030941507346266,-0.6313874419847744,-0.3104869882346589,-0.06924887536400005,1.914163104518309,-0.2416579338099472,-0.02099521447393161,-0.22299056179967683,-0.14591269046825966,-0.779553399837127
72,66877.0,67651.0,66705.0,67479.0,498526,2023-05-04,946.0,-602.0,67307.0,67736.5,68166.0,68338.0,68252.0,68123.0,5.0,5.0,5.0,5.0,5.0,7.5,118336.00000000437,305586.94444467605,452136.6380949105,587589.3131579269,545670.7399999957,576508.6310344471,67221.0,67693.5,68017.26666666666,68299.55,68300.36,68157.7,344.00000000000637,552.7991899819283,672.4110633347063,766.5437451039091,738.6952957749194,759.2816546147069,-1.9921874999996805,-0.6630952764720857,-0.42358799465663416,-0.530913509741361,-0.26186982633869405,0.03283813708591902,4.207031250012936,-0.38870167195523714,-0.15293214059122434,-0.5236325515018309,-0.38673096832488374,-0.776134928995652
73,67565.0,67565.0,67221.0,67393.0,320239,2023-05-05,344.0,172.0,67307.0,67436.0,68166.0,68252.0,68252.0,68123.0,4.0,4.5,4.5,4.5,4.5,5.5,118336.00000000437,272763.6000002404,394592.8285710829,579785.0631579334,577165.1099999977,560530.4241378958,67221.0,67607.6,67908.4,68209.3,68272.88,68166.3,344.00000000000637,522.2677474248629,628.1662427821817,761.4361845604222,759.713834282355,748.6857980073455,-1.9921874999996805,-0.35966013107247874,-0.33537991985380644,-0.33939554901745855,-0.19878079039449523,0.05213071303470126,4.207031250012936,-0.3344521698108629,-0.23358544191950742,-0.751532382489257,-0.643750316275181,-0.7332886553589525
74,67479.0,67822.0,67393.0,67479.0,364297,2023-05-08,429.0,0.0,67393.0,67436.0,67994.0,68209.0,68252.0,68123.0,4.5,6.5,6.5,6.5,6.5,7.5,131648.80000000476,234711.43333358096,307150.4952377326,538493.3131579394,597571.2099999988,560530.4241378958,67255.4,67538.9,67805.26666666666,68119.05,68255.72,68166.3,362.83439748734514,484.47026052543305,554.2115978917552,733.8210361920264,773.0273022345322,748.6857980073455,-2.029340690520266,-0.13011763313147154,-0.550414634855451,-0.20837744211459158,-0.1605794438178455,0.05213071303470126,4.217270546660861,0.3314021126553714,-0.5794166048778927,-0.8206082669830843,-0.7935560200717483,-0.7332886553589525
75,67565.0,68596.0,67565.0,67822.0,607003,2023-05-09,1031.0,-257.0,67479.0,67436.0,67822.0,68166.0,68252.0,68123.0,5.0,8.0,8.0,8.0,8.0,9.0,197980.80000000552,185060.76666691952,278099.69523772603,496030.1342105755,602505.8899999991,520884.4091953677,67358.4,67495.9,67765.13333333333,68058.85,68248.84,68192.06666666667,444.9503343071061,430.18689736778305,527.3515859819955,704.2940679933173,776.2125288862575,721.7232220147608,-1.4239453925323622,-0.4026700304079338,-0.5080080693780159,-0.07931779386316057,-0.13587204864585567,0.07645400636449905,3.0186036847003805,1.1958882172308845,-0.34613518990369857,-0.6253369215448994,-0.8380939799045968,-0.585199966303039
76,67908.0,68424.0,67908.0,67908.0,633179,2023-05-10,516.0,0.0,67479.0,67436.0,67822.0,68080.0,68252.0,68123.0,5.0,9.0,9.0,9.0,9.0,9.5,53741.700000007135,153298.10000025586,247282.2095234347,424550.5552632114,604628.0833333326,509972.6724137588,67616.2,67470.1,67730.73333333334,67994.35,68245.4,68203.5,231.82256145597032,391.5330126569864,497.27478271417976,651.575440960762,777.5783454632289,714.123709460594,0.5778383371798164,-0.8209181790429434,-0.5557514218337495,-0.08229368377491607,-0.12295121230504315,0.050143383650460956,-2.704945998914455,1.7312469020493952,-0.02692820379838806,-0.35732773335334456,-0.8575155512084549,-0.49590391387216737
77,67994.0,68424.0,67908.0,67994.0,477378,2023-05-11,516.0,0.0,67822.0,67436.0,67822.0,67994.0,68166.0,68123.0,5.0,10.0,10.5,10.5,10.5,12.5,71457.70000000752,153298.10000025586,217022.49523771607,365731.98684216285,533218.8433333358,509972.6724137588,67719.2,67470.1,67702.06666666667,67942.75,68183.48,68203.5,267.3157309250758,391.5330126569864,465.85673252376216,604.7577918821409,730.2183531885074,714.123709460594,-0.43627297237084073,-0.8209181790429434,-0.7193985184339354,-0.10809241115608524,-0.1266548002424976,0.050143383650460956,-2.6790301233454925,1.7312469020493952,0.2905943349834942,0.031062126622194323,-0.7642127763708857,-0.49590391387216737
78,68166.0,69284.0,67736.0,69198.0,1085041,2023-05-12,1548.0,-1032.0,67908.0,67479.0,67822.0,67994.0,68166.0,68166.0,5.0,10.0,15.0,20.0,23.5,27.0,428667.2000000088,448174.9333335704,351003.1238091527,386823.71315795113,533218.8433333358,542114.5298850256,68080.2,67650.6,67765.13333333333,67951.35,68183.48,68240.76666666666,654.7268132587888,669.4586868011875,592.4551660751662,621.9515360202522,730.2183531885074,736.2842724688784,1.7167966954579548,1.1857857671792165,0.541115325128349,0.026315451096013454,-0.1266548002424976,-0.025865933772289715,3.545305311557854,3.1789260546876426,1.7558708733158346,0.1827907558685491,-0.7642127763708857,-0.6945966509473428
79,69971.0,70315.0,69456.0,69628.0,936340,2023-05-15,859.0,343.0,67994.0,67650.5,67822.0,67994.0,68166.0,68209.0,5.0,10.0,15.0,20.0,25.0,30.0,706318.0000000093,809657.7888890976,577223.2571424969,473042.7868421595,569500.5233333345,601254.8517241105,68510.0,67882.7,67862.6,67981.45,68197.24,68298.1,840.4272722847643,899.8098626315993,759.7521024271647,687.7810602525774,754.6525845270355,775.4062494745,0.7313034097192934,0.9789574206751986,1.0127272557822087,0.49759419721258813,0.002965809952836365,-0.04578018515706218,-2.456018201255514,0.668837392014063,1.3919083085111015,0.9468987774548943,-0.6175537781349647,-0.780638360614179
80,69628.0,70229.0,69456.0,70057.0,768209,2023-05-16,773.0,-429.0,69198.0,67865.0,67822.0,67994.0,68166.0,68252.0,5.0,10.0,15.0,20.0,25.0,30.0,936523.0000000093,1214091.1222223968,894834.49523775,682449.252631627,683223.2599999977,699854.3954022775,68957.0,68157.7,67982.93333333333,68063.1,68238.48,68366.86666666667,967.7411844083155,1101.8580317910273,945.9569203921234,826.104867817414,826.573203049795,836.5730066182374,-0.18401859137812224,0.6626439844940805,1.1049028397728933,0.8750459770659034,0.3096274840999221,0.0438702621476425,-2.668237354234732,-0.6010922495812479,0.6580346496172959,0.9808128300002033,-0.24595794405699997,-0.6885999975386685
81,70401.0,71089.0,69714.0,70057.0,977785,2023-05-17,1375.0,344.0,69628.0,67951.0,67822.0,67994.0,68166.0,68338.0,4.5,9.5,14.5,19.5,24.5,29.5,733012.7000000087,1220508.7222223533,1182680.714285384,877820.5131579355,781424.1399999947,788670.1022988359,69386.8,68501.5,68109.0,68144.75,68272.84,68435.63333333333,856.1616085763299,1104.766365446719,1087.5112478891351,936.9207614083143,883.9819794543296,888.0710007081843,-1.3892802970601987,0.5295530116967234,0.8953079868310585,0.868867135234584,0.4626982798397935,0.04467234136427157,1.7042626899959015,-1.7527082433349805,-0.4588891408094163,0.2361142548584643,-0.2047560789236837,-0.7565915188221399
82,70315.0,71347.0,69971.0,71261.0,1552354,2023-05-18,1376.0,-946.0,70057.0,68596.0,67822.0,67994.0,68166.0,68338.0,5.0,10.0,15.0,20.0,25.0,30.0,592531.7000000086,1791506.677777854,1840561.1714282723,1363641.831578977,1121509.189999988,1018330.4781609116,70040.2,68879.7,68326.8,68286.6,68362.24,68492.93333333333,769.7608070043633,1338.47176951098,1356.672831388715,1167.7507574730907,1059.0133096425125,1009.123618869815,1.0524035281646478,0.48587446813092583,0.9339782785898226,1.1523002560242621,0.9942956148335812,0.6099221066641239,1.8019664717303705,-1.0877665905869414,-0.2392481673285625,0.8751044458640447,1.0708315171346083,0.5731429023316251
83,71347.0,71605.0,70315.0,71175.0,1075113,2023-05-19,1290.0,172.0,70057.0,69413.0,67908.0,67994.0,68166.0,68338.0,4.0,9.0,14.0,19.0,24.0,29.0,541722.800000008,1972370.322222242,2289610.6380949765,1780192.4078947564,1425105.5833333144,1244746.9712643668,70435.6,69257.9,68578.93333333333,68432.75,68448.2,68558.83333333333,736.0182062965616,1404.411023248622,1513.1459407786733,1334.2385123712913,1193.7778618039933,1115.6822895718865,0.34621948108817835,0.15470507198967567,0.659675235942793,0.9991688910511007,1.0435493797442605,0.7651876493685316,-2.7628792157826734,-1.5016732595523103,-0.9683623529824001,-0.002241176602528778,0.6124374476138958,0.45652452835867025
84,71175.0,71175.0,70487.0,70917.0,562355,2023-05-22,688.0,258.0,70917.0,69842.5,67994.0,67994.0,68166.0,68338.0,3.0,8.0,13.0,18.0,23.0,28.0,353528.8000000069,1795275.1222221886,2502463.1142854886,2081347.2736842213,1659192.4733333082,1415305.374712648,70693.4,69601.7,68819.6,68570.3,68523.84,68613.26666666666,594.5828790000659,1339.8787714648622,1581.9175434533522,1442.6875176850397,1288.0964534278123,1189.666076978178,-0.4157620907891584,-0.21880660578206523,0.35528563821118864,0.7704902975395949,0.9537559400521304,0.7633283476840951,-3.1178550795679403,-1.511773490668617,-1.4489181372033313,-0.7546493767393929,-0.015069051041176514,0.07039608127901695
85,70917.0,70917.0,69971.0,70487.0,657960,2023-05-23,946.0,430.0,70917.0,70057.0,69198.0,67994.0,68166.0,68338.0,2.0,7.0,12.0,17.0,22.0,27.0,253682.80000000756,1451519.7333332575,2489470.542856948,2256224.26052632,1812267.0733333009,1528042.5160919637,70779.4,69868.2,69031.6,68682.05,68606.36,68661.96666666666,503.66933597352096,1204.7903275397166,1577.8056099713133,1502.0733206226387,1346.2046922118868,1236.1401684647108,-0.7362528584779556,-0.6427103044049235,0.05985205354250776,0.5562586054485172,0.7758313752789853,0.6810267793909632,-1.0406378294758067,-0.6777895292942365,-1.5904741555169664,-1.2283093699185064,-0.5769042047238995,-0.32515762131844866
86,70487.0,70573.0,69714.0,69885.0,465813,2023-05-24,859.0,602.0,70917.0,70057.0,69628.0,67994.0,68166.0,68338.0,1.0,4.0,9.0,14.0,19.0,24.0,321726.00000000885,981191.4333332279,2074937.3809522197,2310594.4210526287,1875445.5833332967,1569171.705747139,70745.0,70065.9,69249.33333333333,68768.0,68664.8,68684.86666666667,567.2089562057433,990.5510755802691,1440.4642935360182,1520.0639529482398,1369.4690881262331,1252.6658396185069,-0.9846560795909903,-0.8396061589884709,-0.044474387655782543,0.37932276652259694,0.6346892290897613,0.6271510029128099,-0.06103844629409375,0.9071222974326777,-1.6600865996265617,-1.4407342208124387,-0.8663161391479824,-0.49898679086300396
87,69800.0,71691.0,69628.0,71519.0,1343692,2023-05-25,2063.0,-1719.0,70917.0,70272.0,69885.0,68596.0,68166.0,68338.0,5.0,10.0,15.0,20.0,25.0,30.0,401602.8000000075,600765.5999998433,2141308.80952369,2644680.9342105067,2196500.249999954,1834991.4126437015,70796.6,70418.4,69518.66666666667,68944.25,68788.6,68767.96666666666,633.7213898867604,775.090704369394,1463.3211573416445,1626.2475009083048,1482.0594623698314,1354.6185487596504,-0.5800633094760911,-0.02052038352165468,-0.23378173002855662,0.23640557498619988,0.5513833122962988,0.6362656903098389,-0.3053427347557438,-1.2646173324240426,-1.4733412022340242,-1.573111798447405,-1.092295020848321,-0.6561886343311615
88,71433.0,71691.0,70745.0,71433.0,865789,2023-05-26,946.0,0.0,70917.0,70702.0,70057.0,69413.0,68166.0,68338.0,4.0,9.0,14.0,19.0,24.0,29.0,463729.20000000874,494156.09999981034,2002602.142857063,2801071.460526278,2459006.9733332773,2070946.579310379,70848.2,70641.9,69788.0,69146.25,68915.84,68848.2,680.9766515821293,702.9623745264112,1415.1332597522621,1673.6401825142339,1568.1221168433526,1439.0783784458645,-0.5786744595981885,-0.12008738915850294,-0.44247093981715285,0.051370339521387726,0.41929954681095616,0.5857218455129608,-1.0409560220690952,-1.8040251907496792,-1.2231234310421222,-1.6375267943185448,-1.341260043080702,-0.9063829245668112
89,71777.0,71949.0,71261.0,71433.0,881263,2023-05-29,688.0,344.0,71433.0,71046.0,70057.0,69756.5,68252.0,68338.0,3.5,8.5,13.5,18.5,23.5,28.5,534730.8000000096,413272.04444422707,1740621.399999961,2853449.9447367853,2681794.593333267,2293583.0126437237,70951.4,70822.4,70051.6,69352.55,69046.52,68928.43333333333,731.2528974301638,642.8623837527182,1319.3261158636863,1689.215778027421,1637.6185738239742,1514.4579930271173,-0.9660639571559996,-0.436962169751176,-0.6459398107647327,-0.13869456225808724,0.27618296896566713,0.5157162801811469,-1.2190446675045787,-1.7359473562555168,-0.8472010149601911,-1.6050786180957226,-1.5283969897408087,-1.1416746928965502
90,71347.0,72980.0,71261.0,72206.0,1662064,2023-05-30,1719.0,-859.0,71433.0,71218.0,70487.0,69971.0,69198.0,68338.0,5.0,10.0,15.0,20.0,25.0,30.0,726571.2000000112,509571.12222197023,1625551.8380952415,2998602.157894653,3045364.8933332586,2638797.017241443,71295.2,71037.3,70343.86666666667,69597.5,69204.68,69054.5,852.3914593659484,713.8425051942272,1274.9713087341383,1731.6472382949862,1745.097387922307,1624.437446392271,-1.3673606040611141,-0.3034298912240144,-0.685716423281295,-0.24551888874197694,0.20490203677221597,0.4725069455176268,3.0014407171042072,-0.3469727414132251,-0.2019281702236242,-1.38959468274509,-1.530373471862827,-1.1888715692742633
91,72378.0,72378.0,71433.0,72292.0,840575,2023-05-31,945.0,86.0,71519.0,71347.0,70917.0,70057.0,69628.0,68338.0,5.0,10.0,15.0,20.0,25.0,30.0,188125.30000001163,522211.2888885993,1381300.4095238543,2829113.818420937,3369187.126666583,2969319.8402299676,71776.6,71260.8,70636.13333333333,69881.15,69369.72,69183.43333333333,433.73413515656296,722.6418814935925,1175.2873731661778,1681.9969733685423,1835.5345615560016,1723.171448298157,0.6018384253189757,-0.41968712990138124,-0.6461234691974705,-0.2705031605726889,0.10577456598824254,0.40171735354930305,-3.1668387089720618,0.375040314539367,0.252919970302101,-1.3688650191438472,-1.5597086927193067,-1.2921594474984448
92,72206.0,72206.0,71433.0,71777.0,538944,2023-06-01,773.0,429.0,71777.0,71433.0,71175.0,70272.0,69885.0,68725.0,3.0,8.0,13.0,18.0,23.0,28.0,168207.70000001113,548859.8222219233,907488.6666667458,2665970.7868419676,3507934.9566665725,3168461.0620690645,71828.2,71312.4,70888.33333333333,70096.05,69521.04,69295.2,410.131320432872,740.8507422024516,952.6219956870332,1632.7800791416973,1872.9481991412822,1780.0171521839513,0.1818657202284281,-0.604169604055483,-0.25272134338661223,-0.45933349354745223,-0.050379170811265035,0.27950105459227365,-2.9000223925983044,0.18708933342279468,-1.0255011949179522,-1.1466014947027279,-1.6042088621626276,-1.461097364451488
93,71777.0,72464.0,71433.0,72034.0,738485,2023-06-02,1031.0,-257.0,72034.0,71476.0,71261.0,70702.0,70057.0,69413.0,3.0,8.0,13.0,18.0,23.0,28.0,121690.30000001166,596419.7888885747,758855.2571429617,2422403.778947206,3546470.7266665585,3373149.8574713827,71948.4,71398.3,71077.4,70328.1,69706.68,69421.26666666666,348.84136795972415,772.2821951130135,871.1229862326913,1556.4073306648252,1883.2075633521013,1836.6136930425469,-0.8211311759537941,-0.8383003172654814,-0.30479733677061127,-0.6119517926259899,-0.19912733764919271,0.162746785075999,-0.4180857693957532,0.10007760478620956,-1.1602134057346927,-0.8577804048826565,-1.5431422899959215,-1.5626500465349416
94,72120.0,73238.0,72034.0,73066.0,1428499,2023-06-05,1204.0,-946.0,72206.0,71648.0,71433.0,71046.0,70057.0,69756.5,5.0,10.0,15.0,20.0,25.0,30.0,234204.0000000126,828392.3999996467,834982.4000001354,2307561.523684017,3721467.5399998757,3749289.6275863494,72275.0,71613.2,71306.6,70607.45,69937.04,69584.6,483.9462780102897,910.1606451608676,913.7737137826495,1519.0660037286125,1929.1105567073846,1936.3082470480647,1.3127160736254535,-0.5408749731348028,0.026531338638823343,-0.5502333495959592,-0.25023304868371055,0.12354596204599738,2.4003249157135236,0.5438945331467012,-0.46776106577255677,-0.49601389095635506,-1.3199387125927236,-1.4762914859072087
95,73324.0,73324.0,72808.0,73324.0,516234,2023-06-06,516.0,0.0,72292.0,71905.5,71433.0,71218.0,70487.0,69971.0,5.0,10.0,15.0,20.0,25.0,30.0,445617.8000000111,923242.7666662597,963328.8285715946,2207946.3657892477,3850893.209999854,4140661.471264535,72498.6,71896.9,71524.4,70882.55,70177.72,69753.66666666667,667.5461032767782,960.8552266945628,981.4931627737376,1485.9160022656893,1962.3692848186995,2034.861536140613,0.36440238405947156,-0.5950785896360091,0.12555398578529306,-0.4698845963689701,-0.2978646119933735,0.07841233829391457,-2.4142930565199427,1.4340021914866017,-0.22329892968792017,-0.15438091711654522,-1.099665714877089,-1.4164409866748664
96,73066.0,73410.0,72464.0,73066.0,707049,2023-06-07,946.0,0.0,73066.0,72120.0,71519.0,71347.0,70917.0,70057.0,3.5,8.5,13.5,18.5,23.5,28.5,485478.80000001146,512929.1111106444,936161.8571430501,1923170.4710523698,3601523.2499998324,4404472.965517432,72653.4,72215.0,71725.0,71140.45,70435.6,69917.0,696.7630874264304,716.1906946551627,967.554575795624,1386.7842193551128,1897.767965268629,2098.6836268283582,-0.5773683594498248,0.4587786200274799,0.02322863146876421,-0.40011311987143056,-0.3169766383304125,-0.01795619465267938,-2.710571525211798,-1.3677742597539562,-0.3132076346288459,-0.08174204514376898,-1.081767641641206,-1.428667525700641
97,72808.0,72980.0,71777.0,71863.0,1246481,2023-06-08,1203.0,945.0,73066.0,72120.0,71777.0,71433.0,71175.0,70272.0,1.0,4.0,9.0,14.0,19.0,24.0,449272.8000000145,471557.3777773041,920418.1238097216,1390195.357894447,3290156.9566664863,4390335.550574924,72670.6,72249.4,71765.13333333333,71333.9,70610.96,70045.96666666666,670.2781512178466,686.700355160316,959.3842420061534,1179.0654595460114,1813.878980711361,2095.3127572214426,-0.5287276319492334,0.4583323758548151,-0.11149860073836386,-0.07827681273431553,-0.4610894871141895,-0.15798413243764933,-2.9170481923343883,-1.21265544241403,-0.19121399146348858,-0.7351645119241806,-0.8379791219243892,-1.3982121373713152
98,72464.0,72808.0,71949.0,72722.0,681805,2023-06-09,859.0,-258.0,73066.0,72249.0,71863.0,71476.0,71261.0,70702.0,2.0,7.0,12.0,17.0,22.0,27.0,324951.2000000132,403856.23333283723,949545.9238097349,1218817.6736838964,2997044.193333138,4361932.593103689,72808.2,72378.3,71868.26666666666,71510.1,70824.12,70223.6,570.0449105114554,635.4968397504721,974.4464704691247,1104.0007580087508,1731.1973294033057,2088.5240226302617,-1.5151541273153657,0.15765935327925845,-0.3778921827851026,-0.0923872266433911,-0.5609865236513686,-0.2801499165855067,2.39176783992709,-1.2937998092716338,-0.2102701844235304,-0.8605751151411039,-0.6205222569814002,-1.3130156616429727
99,72636.0,72980.0,71863.0,72980.0,521246,2023-06-12,1117.0,-344.0,72980.0,72507.0,72034.0,71648.0,71433.0,71046.0,3.0,7.0,12.0,17.0,22.0,27.0,315345.000000013,318203.9999994782,952925.3142859444,1116528.7473680836,2674025.4733331185,4293602.286207171,72791.0,72533.0,72005.8,71677.7,71044.16,70412.7,561.5558743348813,564.0957365549559,976.1789355881147,1056.6592390019043,1635.244774745701,2072.100935332826,-1.4600892102844703,-0.009471333284447058,-0.6690281149215429,-0.15085989757549503,-0.6157151392941532,-0.39104452918847377,2.4251514405213697,-1.7546889161674717,0.1691336023528392,-0.8937666968967939,-0.4285088776186877,-1.1794145385702972
100,72550.0,72980.0,72464.0,72550.0,468477,2023-06-13,516.0,0.0,72722.0,72636.0,72206.0,71820.0,71433.0,71218.0,2.0,5.0,10.0,15.0,20.0,25.0,228889.2000000129,305040.2666661393,789044.523809775,1001975.3973680657,2298653.7933331,4086925.6367819146,72636.2,72567.4,72143.33333333333,71802.35,71233.28,70587.46666666666,478.42366162222044,552.3045053827999,888.2817817617195,1000.9872113908677,1516.1311926522387,2021.6146113396378,-1.3021533008196335,-0.21516395898496193,-0.9975495643055637,-0.3078913251117484,-0.7023719035178131,-0.522057184318068,1.6777349661728127,-1.515139059157131,1.6527721414842027,-0.647680859462038,-0.11938889915238624,-0.9868837028761942
101,72464.0,72894.0,72292.0,72378.0,659704,2023-06-14,602.0,86.0,72550.0,72636.0,72292.0,71948.5,71519.0,71347.0,2.0,4.0,9.0,14.0,19.0,24.0,175706.80000001274,300516.6666661376,399091.838095518,844910.8842101549,1859222.9933330857,3616296.1850578072,72498.6,72576.0,72309.53333333334,71918.4,71412.08,70779.43333333333,419.17394957226617,548.1940045879173,631.7371590270102,919.1903416649649,1363.5332754770182,1901.656168990022,-0.7675809502530264,-0.26699344550367177,0.06294595288089297,-0.40610443240939703,-0.7120312476224167,-0.5862223489427909,0.8921596805746397,-1.41684168222251,-1.2539383780944002,-0.27893357804468893,0.06438745810255353,-0.9100310997649996
102,72378.0,72550.0,71863.0,72292.0,800193,2023-06-15,687.0,86.0,72550.0,72636.0,72292.0,72120.0,71777.0,71433.0,1.0,3.0,7.5,12.5,17.5,22.5,76178.80000001105,235598.0555550184,351629.6380955269,826713.7342101475,1373892.8333330753,3292945.5678164507,72584.4,72627.5,72361.06666666667,71969.95,71584.0,70939.86666666667,276.00507241717685,485.3844409898389,592.9836743920754,909.2379964619536,1172.131747429902,1814.6475051139962,0.6080512986548227,-0.19247955468566808,-0.03025030303484693,-0.5826252604962194,-0.46049430433472166,-0.715919794630369,-0.6814968423237578,-1.1659364793747795,-0.9319944541137783,-0.014777057898171424,-0.7439249998767617,-0.6207135337613524
103,72292.0,74098.0,71691.0,72636.0,2234265,2023-06-16,2407.0,-344.0,72550.0,72679.0,72378.0,72249.0,71863.0,71476.0,4.0,5.0,10.0,15.0,20.0,25.0,71741.20000001087,192441.34444389754,288615.3523812568,811184.8421048733,1163097.5933330662,2926749.136781994,72567.2,72687.7,72441.26666666666,72043.0,71721.52,71114.63333333333,267.8454778412562,438.68137006704256,537.2293294127348,900.6580050745529,1078.470024309005,1710.7744260369318,0.9334509605002783,-0.4349913113716159,-0.12560856862797634,-0.8065555978475154,-0.4768683808294265,-0.8186929209816945,0.7620363482052888,-0.16176249314025068,-0.6354796288395655,0.36821983287701093,-0.7600885508747246,-0.3342019605351794
104,72808.0,73496.0,72636.0,72808.0,664779,2023-06-19,860.0,0.0,72550.0,72679.0,72550.0,72292.0,72034.0,71648.0,5.0,7.0,11.0,16.0,21.0,26.0,42157.20000001024,177408.5444439016,216604.63809555976,765845.6289469633,1012810.7933330584,2537199.2367820204,72532.8,72661.9,72532.93333333333,72137.55,71848.72,71292.26666666666,205.32218584461407,421.1989368978768,465.4080339826116,875.1260646026739,1006.3850124743802,1592.858825126075,0.20575279705700023,-0.35880576431515465,-0.006099771094467121,-1.0772108506449534,-0.5366056262480087,-0.8905893994488195,-1.1172668514233735,0.2532314194357862,-0.9378841759755491,1.167503250988534,-0.6461796817587016,-0.0741908926219073
105,73066.0,73754.0,72808.0,73496.0,946100,2023-06-20,946.0,-430.0,72636.0,72679.0,72636.0,72335.0,72206.0,71820.0,5.0,10.0,15.0,20.0,25.0,30.0,229276.00000001024,205673.8777772328,267295.4952384327,695759.6842100971,972402.5433330503,2252390.5241383724,72722.0,72679.1,72618.93333333333,72288.0,71986.28,71481.4,478.8277352033926,453.51281985985,517.0062816237659,834.1221038973233,986.1047324361903,1500.7966298397569,1.303586869549229,0.0021511749220623276,-0.03237631993076787,-1.1463888697328883,-0.5455657229243619,-0.8982987757781521,1.6826222684679166,0.5660375667209091,-0.8323480113760571,2.3163882563599665,-0.36856455565593477,0.1901456379107085
106,73496.0,74269.0,73410.0,73754.0,707032,2023-06-21,859.0,-258.0,72808.0,72679.0,72722.0,72464.0,72292.0,71948.5,5.0,10.0,15.0,20.0,25.0,30.0,371279.2000000109,312160.9888883338,341509.40000035474,465564.3657890144,924735.8899997072,1950884.754023462,72997.2,72747.9,72716.4,72481.45,72134.16,71676.26666666666,609.3268416868002,558.7136913378209,584.3880560041887,682.3227724391253,961.6318890301565,1396.740761209274,0.2817164102646596,0.479678427995109,0.012867661501960012,0.06838010873019143,-0.44680365410133804,-0.7880283217981514,-2.0554435643878506,0.17952714647801823,-0.6863428841145043,-0.8021976070123251,-0.16058757102224477,0.20548929871134236
107,74012.0,74355.0,72808.0,73496.0,1021586,2023-06-22,1547.0,516.0,73496.0,72765.0,72808.0,72593.0,72292.0,72120.0,3.5,8.5,13.5,18.5,23.5,28.5,236672.00000001153,257709.51111053224,307817.00000037486,460699.9052626846,961918.8399997015,1562721.816092458,73238.0,72911.2,72831.0,72580.3,72223.56,71859.66666666667,486.4894654563565,507.6509737117937,554.8125809680012,678.7487791979331,980.7746122324443,1250.0887232882544,-0.4557524175615813,0.5670513267376556,-0.08213000323712742,-0.05757211625227096,-0.5660378170760118,-0.5160245553744578,-2.5263671875016214,-1.084372222604248,-0.7556574713446006,-0.8094222957174947,-0.062207933483074455,-0.6307021526892325
108,73582.0,73582.0,72894.0,73152.0,823244,2023-06-23,688.0,430.0,73496.0,72894.0,72980.0,72679.0,72378.0,72249.0,2.0,7.0,11.0,16.0,21.0,26.0,134607.20000001136,258120.39999941422,263852.98095276963,400847.0394732001,945509.739999697,1358050.050575239,73341.2,72954.2,72905.53333333334,72666.25,72302.64,71991.46666666666,366.888538932482,508.0555087777459,513.6662155064995,633.1248214003302,972.3732513801976,1165.354045161915,-0.6800280712518281,0.2694299824612384,-0.2815656205296126,-0.13533362178462144,-0.7504263033648587,-0.5115161011187798,-0.2529887694616697,-1.3157840208518354,-0.2650463325406072,-0.7257896932979826,0.26475589150383033,-0.6725513369547306
109,73152.0,73754.0,72722.0,73754.0,861394,2023-06-26,1032.0,-602.0,73496.0,72980.0,72980.0,72765.0,72550.0,72292.0,4.5,9.5,14.5,19.5,24.5,29.5,61386.800000012256,322465.599999401,311180.82857182476,368896.6421047661,939864.1099996906,1252984.0689660648,73530.4,73031.6,72951.4,72782.3,72416.12,72129.0,247.76359700329718,567.8605462606123,557.835843749597,607.3686212711076,969.4658890335908,1119.367709453004,-0.874035651268944,0.06634430261906121,-0.21709905767803037,0.027122235025664552,-0.8565149341489198,-0.482166238262687,0.4601538684995378,-1.8197171554412097,-0.6298015406846363,-1.0302837350217773,0.722677641470264,-0.628895594010103
110,73926.0,75043.0,73926.0,75043.0,1544056,2023-06-27,1117.0,-1117.0,73754.0,73324.0,72980.0,72894.0,72636.0,72335.0,5.0,10.0,15.0,20.0,25.0,30.0,513420.20000001125,677164.0999993574,599678.1428575605,599223.713157383,1037726.98999968,1369175.062069536,73839.8,73280.9,73066.0,72924.15,72598.36,72295.2,716.5334604887697,822.8998116413427,774.388883480103,774.0954160550126,1018.6888582877895,1170.1175419886397,1.5568640844574833,0.9032026062829113,1.0173672315316704,0.8758439204790901,-0.24392229803263624,-0.10607874249618686,3.066377776423432,1.1769810999996955,1.9127085533185708,1.573206377391956,1.6156525182634622,0.06519527615858943
111,75129.0,75473.0,74785.0,74785.0,967842,2023-06-28,688.0,344.0,73754.0,73496.0,72980.0,73023.0,72722.0,72464.0,4.0,9.0,14.0,19.0,24.0,29.0,681782.5000000112,773577.822221538,796675.5428575805,744086.6947363176,890171.6566663338,1384500.3034488654,74046.0,73521.6,73180.6,73048.8,72794.36,72452.8,825.7012171481953,879.5327294771571,892.5668282305703,862.6045993016253,943.4890866704998,1176.6479097201786,0.3618013003298752,0.5298690267116752,0.8060907496088102,0.7578513497895599,0.6464548533724235,0.06682059398005821,-2.5575053210004577,-0.2945065153867595,0.25734896943987595,0.6062869253525733,0.33463882753269597,0.11142568086811167
112,74785.0,74871.0,74355.0,74355.0,563802,2023-06-29,516.0,430.0,74355.0,73625.0,73152.0,73066.0,72808.0,72593.0,3.0,8.0,13.0,18.0,23.0,28.0,593133.700000011,635471.4333326136,741614.2095242756,731264.5368415687,910477.4166663269,1449289.3747132437,74217.8,73727.9,73346.73333333334,73177.7,72907.8,72555.93333333333,770.1517382957796,797.1646212248845,861.1702558288202,855.1400685510933,954.1894029312665,1203.8643506281112,-0.5139507070832111,0.3855327224048185,0.7250658663215654,0.67219968260506,0.5416720493627074,-0.03207613376217451,-1.2343562612323922,-0.7463560032185929,-0.4364969197915426,0.1042325272465225,-0.032176808810962895,-0.007978660753562229
113,74355.0,74441.0,73926.0,73926.0,734840,2023-06-30,515.0,429.0,74355.0,73754.0,73496.0,73109.0,72980.0,72679.0,2.0,7.0,12.0,17.0,22.0,27.0,300484.3000000109,488870.09999925765,730801.1428576226,682470.8526310339,852689.6766663207,1439559.6885063555,74372.6,73856.9,73427.0,73272.3,73007.52,72647.63333333333,548.1644826144894,699.1924627734896,854.8690793669067,826.1179411143628,923.4119755917835,1199.8165228510381,0.11545899635916813,0.4028972910234214,0.47298706689958064,0.5607348261129116,0.48931432904724925,-0.1672188502324432,-2.2251572664001977,-0.43601768733968577,-0.663681544858192,0.001583913187482276,-0.1671204540666802,0.05039912220118165
114,74355.0,74613.0,73926.0,74269.0,1041108,2023-07-03,687.0,86.0,74355.0,73840.0,73496.0,73238.0,73066.0,72765.0,2.0,7.0,12.0,17.0,22.0,27.0,194239.80000001012,361779.33333256363,759257.3523814455,728707.207894185,802293.956666314,1414015.1367822285,74475.6,74003.0,73512.93333333333,73332.45,73120.96,72759.36666666667,440.7264457688126,601.4809500994721,871.3537469830754,853.6434899266701,895.7086338013685,1189.123684392094,0.1737791069998523,0.48331772871508744,0.18957494825478508,0.36684582994209,0.4933719020057761,-0.26716523393351144,-1.1722190196411997,-0.6231572670808566,-0.9935477580907996,-0.4681282926557896,-0.4661200065074283,0.18022854273903532
115,74269.0,74785.0,74098.0,74785.0,1329492,2023-07-04,687.0,-516.0,74355.0,74097.5,73754.0,73324.0,73066.0,72894.0,4.5,8.5,13.5,18.5,23.5,28.5,134358.00000001115,382704.0999992058,784821.4952386122,834133.7368415445,871703.4433329757,1356214.4471270693,74424.0,74131.9,73661.93333333333,73405.5,73224.12,72902.63333333333,366.5487689244245,618.6308269066502,885.9015155414354,913.3092230135118,933.6506002423903,1164.5662055577043,-0.28314261400490565,0.007291268338906135,-0.05784822930137492,0.26758961479706206,0.3728461330424397,-0.21301068873448567,-1.3475104014241677,-1.0849536242799063,-1.0682180854444157,-0.8916831205308943,-0.7153483150845107,0.2681596112120211
116,75100.0,76500.0,74800.0,74800.0,1791184,2023-07-05,1700.0,300.0,74355.0,74312.0,73754.0,73496.0,73152.0,73023.0,5.0,9.0,14.0,19.0,24.0,29.0,137110.50000001115,404274.94444363104,731652.8285719695,922503.8526310062,928492.9233329712,1138581.6367822583,74427.0,74236.5,73823.4,73492.2,73324.44,73066.46666666666,370.2843501959152,635.8261904354295,855.3670724150945,960.4706412124247,963.5833764303799,1067.0434090430708,-0.2650130749709654,-0.4260922030479773,-0.25316188548275365,0.1098849140549189,0.23750151663015273,0.2689081791387215,-1.3884158081105948,-1.0641041472563704,-0.9510235555436173,-1.170957140311376,-0.9000463480651245,-0.8753617834248337
117,74800.0,75200.0,74000.0,74600.0,1522489,2023-07-06,1200.0,200.0,74600.0,74477.5,73926.0,73625.0,73324.0,73066.0,3.0,6.0,11.0,16.0,21.0,26.0,140295.50000001115,344487.2111102772,581852.6380957991,827681.2078941436,883230.8233329671,1126190.350575373,74476.0,74346.9,73977.26666666666,73629.05,73437.36,73169.16666666667,374.5604090130338,586.930329008714,762.7926573426091,909.7698653473545,939.8036089167604,1061.2211600676708,-0.8707902283372482,-0.9443931566360688,-0.31148136778102514,0.06533233866409395,0.17763818971680084,0.1873325151770882,-0.7782675563598834,0.3473863642163662,-1.0234684934897298,-1.416987713229268,-1.0599078495275709,-0.980199311206491
118,74200.0,75500.0,74200.0,75300.0,899592,2023-07-07,1300.0,-1100.0,74785.0,74692.5,74269.0,73754.0,73496.0,73109.0,5.0,10.0,15.0,20.0,25.0,30.0,140020.70000001066,235512.01111023768,544531.2666672508,913840.6815783347,927953.2499996304,1161628.9609202154,74750.8,74561.7,74154.86666666667,73757.95,73568.0,73298.06666666667,374.1933991935329,485.2957975402607,737.9236184506163,955.9501459690953,963.3033011464407,1077.7889222478655,0.40190861655028737,-0.32560351053389985,-0.22479108685452628,-0.03375048024650731,0.18734427247599017,0.23244819766609542,1.2692158573835641,-0.5733561038744119,-0.9507985119276328,-1.3102262108656435,-1.0366520872094653,-0.9928791648353421
119,75300.0,75900.0,75100.0,75300.0,464000,2023-07-10,800.0,0.0,74800.0,74785.0,74355.0,73840.0,73496.0,73238.0,4.5,9.5,14.5,19.5,24.5,29.5,104245.00000001023,197033.7888879858,479051.00000060536,992977.1026309491,1034127.8233329607,1162691.274713334,74957.0,74716.3,74321.0,73873.95,73657.36,73426.96666666666,322.8699428562687,443.88488247290627,692.135102419033,996.4823644354922,1016.9207556800877,1078.2816305183603,0.3249587733919969,-0.31440838995474063,-0.13980316819184513,-0.17513225523867695,0.1011434307654213,0.2736161091379567,-2.7767869945560353,-0.45461336944531183,-1.2383353628759168,-1.275038805061142,-1.1543502261106486,-1.1287867951258899
